slug,name,aliases,match_status,match_method,legacy_id,legacy_code,legacy_name,legacy_lines,sarthi_id,sarthi_code,sarthi_name,sarthi_commercial_name,sarthi_search_key,sarthi_lines,latitude,longitude
adarsh-nagar,ADARSH NAGAR,,matched,code,52,AHNR,ADARSH NAGAR,LN2,639ac2e6e264aca1c1ecdfbd,AHNR,ADARSH NAGAR,ADARSH NAGAR,ADARSH NAGAR,LN2,28.7144,77.1669
aiims,AIIMS,,matched,code,34,AIIMS,AIIMS,LN2,639ac2e6e264aca1c1ecdfbe,AIIMS,AIIMS,AIIMS,AIIMS,LN2,28.5668,77.2081
airport-t-3,AIRPORT (T-3),,matched,code,247,APOT,AIRPORT (T-3),LN10,639ac2e6e264aca1c1ecdfbf,APOT,AIRPORT (T-3),Airport Line - T3,AIRPORT (T-3),LN10,28.5573141,77.0869171
akshardham,AKSHARDHAM,,matched,code,211,ASDM,AKSHARDHAM,LN3,639ac2e6e264aca1c1ecdfc0,ASDM,AKSHARDHAM,asghg,AKSHARDHAM,LN3,28.618,77.2794
anand-vihar-isbt,ANAND VIHAR ISBT,,matched,code,193,AVIT,ANAND VIHAR ISBT,LN4|LN7,639ac2e6e264aca1c1ecdfc1,AVIT,ANAND VIHAR ISBT,ANAND VIHAR ISBT,ANAND VIHAR ISBT,"LN4,LN7",28.647,77.3159
arjan-garh,ARJAN GARH,,matched,code,42,AJG,ARJAN GARH,LN2,639ac2e6e264aca1c1ecdfc2,AJG,ARJAN GARH,,ARJAN GARH,LN2,28.4809,77.1259
arthala,ARTHALA,,matched,code,66,ATHA,ARTHALA,LN1,639ac2e6e264aca1c1ecdfc3,ATHA,ARTHALA,,ARTHALA,LN1,28.6729,77.3917
ashok-park-main,ASHOK PARK MAIN,,matched,code,94,APMN,ASHOK PARK MAIN,LN5,639ac2e6e264aca1c1ecdfc4,APMN,ASHOK PARK MAIN,,ASHOK PARK MAIN,LN5,28.6715791,77.1552039
ashram,ASHRAM,,matched,code,177,AHRM,ASHRAM,LN7,639ac2e6e264aca1c1ecdfc5,AHRM,ASHRAM,NEW INDIA INSURANCE ASHRAM,ASHRAM,LN7,28.5727649,77.258494
azadpur,AZADPUR,,matched,code,53,AZU,AZADPUR,LN2|LN7,639ac2e6e264aca1c1ecdfc6,AZU,AZADPUR,AZADPUR,AZADPUR,"LN2,LN7",28.707,77.1807
badarpur-border,BADARPUR BORDER,,matched,code,128,BAPB,BADARPUR BORDER,LN6,639ac2e6e264aca1c1ecdfc7,BAPB,BADARPUR BORDER,,BADARPUR BORDER,LN6,28.49325,77.3007813
badkal-mor,BADKAL MOR,,matched,code,133,BKMR,BADKAL MOR,LN6,639ac2e6e264aca1c1ecdfc8,BKMR,BADKAL MOR,,BADKAL MOR,LN6,28.4228115,77.3079462
bahadurgarh-city,BAHADURGARH CITY,,matched,code,112,BUSS,BAHADURGARH CITY,LN5,639ac2e6e264aca1c1ecdfc9,BUSS,BAHADURGARH CITY,,BAHADURGARH CITY,LN5,28.6906885,76.9352146
barakhamba-road,BARAKHAMBA ROAD,,matched,code,25,BRKR,BARAKHAMBA ROAD,LN3,639ac2e6e264aca1c1ecdfca,BRKR,BARAKHAMBA ROAD,,BARAKHAMBA ROAD,LN3,28.6299,77.2245
bata-chowk,BATA CHOWK,,matched,code,135,BACH,BATA CHOWK,LN6,639ac2e6e264aca1c1ecdfcb,BACH,BATA CHOWK,INDIAN OIL BATA CHOWK,BATA CHOWK,LN6,28.385109,77.3113603
belvedere-towers,BELVEDERE TOWERS,,matched,code,250,BEL,BELVEDERE TOWERS,LN11,639ac2e6e264aca1c1ecdfcc,BEL,BELVEDERE TOWERS,BELVEDERE TOWERS,BELVEDERE TOWERS,LN11,28.4923,77.0884
bhajanpura,BHAJANPURA,,matched,code,266,BJPU,BHAJANPURA,LN7,69ad8de4c162e4b8ee086e22,BJPU,BHAJANPURA,BHAJANPURA,BHAJANPURA,LN7,28.5703764,77.1843847
bhalaswa,BHALASWA,,matched,code,276,BLSW,BHALASWA,LN8EXTN,69ad8de4c162e4b8ee086e20,BLSW,BHALASWA,BHALASWA,BHALASWA,LN8,28.5703764,77.1843847
bhikaji-cama-place,BHIKAJI CAMA PLACE,,matched,code,173,BKCP,BHIKAJI CAMA PLACE,LN7,639ac2e6e264aca1c1ecdfcd,BKCP,BHIKAJI CAMA PLACE,GAIL BHIKAJI CAMA PLACE,BHIKAJI CAMA PLACE,LN7,28.5703764,77.1843847
botanical-garden,BOTANICAL GARDEN,,matched,code,140,BCGN,BOTANICAL GARDEN,LN3|LN8,639ac2e6e264aca1c1ecdfce,BCGN,BOTANICAL GARDEN,,BOTANICAL GARDEN,"LN3,LN8",28.564,77.3343
brig-hoshiar-singh,BRIG. HOSHIAR SINGH,,matched,code,113,CIPK,BRIG. HOSHIAR SINGH,LN5,639ac2e6e264aca1c1ecdfcf,CIPK,BRIG. HOSHIAR SINGH,,BRIG. HOSHIAR SINGH,LN5,28.6973662,76.9187353
burari,BURARI,,matched,code,271,BURI,BURARI,LN7,69ad8de4c162e4b8ee086e19,BURI,BURARI,BURARI,BURARI,LN7,28.5703764,77.1843847
central-secretariat,CENTRAL SECRETARIAT,,matched,code,60,CTST,CENTRAL SECRETARIAT,LN2|LN6,639ac2e6e264aca1c1ecdfd0,CTST,CENTRAL SECRETARIAT,CENTRAL SECRETARIAT PNB,CENTRAL SECRETARIAT,"LN2,LN6",28.6152,77.2123
chandni-chowk,CHANDNI CHOWK,,matched,code,22,CHK,CHANDNI CHOWK,LN2,639ac2e6e264aca1c1ecdfd1,CHK,CHANDNI CHOWK,,CHANDNI CHOWK,LN2,28.6588,77.2304
chawri-bazar,CHAWRI BAZAR,,matched,code,23,CWBR,CHAWRI BAZAR,LN2,639ac2e6e264aca1c1ecdfd2,CWBR,CHAWRI BAZAR,,CHAWRI BAZAR,LN2,28.6488,77.2263
chhatarpur,CHHATARPUR,,matched,code,40,CHTP,CHHATARPUR,LN2,639ac2e6e264aca1c1ecdfd3,CHTP,CHHATARPUR,,CHHATARPUR,LN2,28.5068,77.175
chirag-delhi,CHIRAG DELHI,,matched,code,151,CDLI,CHIRAG DELHI,LN8,639ac2e6e264aca1c1ecdfd4,CDLI,CHIRAG DELHI,Select City Walk Chirag Delhi,CHIRAG DELHI,LN8,28.5410031,77.2304831
civil-lines,CIVIL LINES,,matched,code,58,CL,CIVIL LINES,LN2,639ac2e6e264aca1c1ecdfd5,CL,CIVIL LINES,,CIVIL LINES,LN2,28.6773,77.2248
cyber-city,CYBER CITY,,matched,code,251,GAT,CYBER CITY,LN11,639ac2e6e264aca1c1ecdfd6,GAT,CYBER CITY,INDUSIND BANK CYBER CITY STATION,CYBER CITY,LN11,28.4977,77.0894
dabri-mor-janakpuri-south,DABRI MOR-JANAKPURI SOUTH,,matched,code,162,DBMR,DABRI MOR - JANAKPURI SOUTH,LN8,639ac2e6e264aca1c1ecdfd7,DBMR,DABRI MOR - JANAKPURI SOUTH,,DABRI MOR - JANAKPURI SOUTH,LN8,28.6155363,77.0825158
dashrathpuri,DASHRATHPURI,,matched,code,161,DSHP,DASHRATHPURI,LN8,639ac2e6e264aca1c1ecdfd8,DSHP,DASHRATHPURI,,DASHRATHPURI,LN8,28.6024422,77.0803213
deepali-chowk,DEEPALI CHOWK,,matched,code,273,DPCK,DEEPALI CHOWK,LN8EXTN,69ad8de4c162e4b8ee086e1f,DPCK,DEEPALI CHOWK,DEEPALI CHOWK,DEEPALI CHOWK,LN8,28.5703764,77.1843847
delhi-aerocity,DELHI AEROCITY,,matched,code,246,DACY,DELHI AEROCITY,LN10,639ac2e6e264aca1c1ecdfd9,DACY,DELHI AEROCITY,,DELHI AEROCITY,LN10,28.548032,77.1182363
delhi-cantt,DELHI CANTT.,,matched,code,170,DLIC,DELHI CANTT.,LN7,639ac2e6e264aca1c1ecdfda,DLIC,DELHI CANTT.,PIONEER DELHI CANT,DELHI CANTT.,LN7,28.6086915,77.1382338
delhi-gate,DELHI GATE,,matched,code,18,DLIG,DELHI GATE,LN6,639ac2e6e264aca1c1ecdfdb,DLIG,DELHI GATE,DELHI GATE,DELHI GATE,LN6,28.640061,77.2386843
dhansa-bus-stand,DHANSA BUS STAND,,matched,code,260,DNBT,DHANSA BUS STAND,LN9,639ac2e6e264aca1c1ecdfdc,DNBT,DHANSA BUS STAND,DHANSA BUS STAND,DHANSA BUS STAND,LN9,28.6118577,76.9754261
dhaula-kuan,DHAULA KUAN,,matched,code,245,DKV,DHAULA KUAN,LN10|LN12,639ac2e6e264aca1c1ecdfdd,DKV,DHAULA KUAN,ONGC Dhaula Kuan,DHAULA KUAN,"LN10,LN12",28.5921119,77.1615398
dilli-haat-ina,DILLI HAAT-INA,,matched,code,33,INA,DILLI HAAT - INA,LN2|LN7,639ac2e6e264aca1c1ecdfde,INA,DILLI HAAT - INA,Oriental Insurance INA,DILLI HAAT - INA,"LN2,LN7",28.5744,77.2096
dilshad-garden,DILSHAD GARDEN,,matched,code,72,DSG,DILSHAD GARDEN,LN1,639ac2e6e264aca1c1ecdfdf,DSG,DILSHAD GARDEN,,DILSHAD GARDEN,LN1,28.6759,77.3215
dr-baba-saheb-ambedkar-hospital,DR. BABA SAHEB AMBEDKAR HOSPITAL,DR. BABA SAHEB AMBEDKAR HOSPITAL (Formerly ROHINI WEST),matched,code,89,RHW,DR. BABA SAHEB AMBEDKAR HOSPITAL,LN1,639ac2e6e264aca1c1ece070,RHW,DR. BABA SAHEB AMBEDKAR HOSPITAL (Formerly ROHINI WEST),DR. BABA SAHEB AMBEDKAR HOSPITAL,dr. baba saheb ambedkar hospital (formerly rohini west) rhw dr. baba saheb ambedkar hospital,LN1,28.7149,77.1155
durgabai-deshmukh-south-campus,DURGABAI DESHMUKH SOUTH CAMPUS,,matched,code,171,DDSC,DURGABAI DESHMUKH SOUTH CAMPUS,LN12|LN7,639ac2e6e264aca1c1ecdfe0,DDSC,DURGABAI DESHMUKH SOUTH CAMPUS,,DURGABAI DESHMUKH SOUTH CAMPUS,"LN12,LN7",28.58938,77.1673313
dwarka-kakrola,DWARKA-KAKROLA,DWARKA-KAKROLA (Formerly DWARKA),matched,code,233,DW,DWARKA-KAKROLA,LN3|LN9,639ac2e6e264aca1c1ecdfe1,DW,DWARKA-KAKROLA (Formerly DWARKA),DWARKA-KAKROLA (Formerly DWARKA),dwarka-kakrola (formerly dwarka) dw dwarka-kakrola (formerly dwarka),"LN3,LN9",28.6149,77.0227
dwarka-mor,DWARKA MOR,,matched,code,232,DM,DWARKA MOR,LN3,639ac2e6e264aca1c1ecdfe2,DM,DWARKA MOR,,DWARKA MOR,LN3,28.6218,77.0411
dwarka-sector-10,DWARKA SECTOR-10,,matched,code,238,DST,DWARKA SECTOR - 10,LN3,639ac2e6e264aca1c1ecdfe3,DST,DWARKA SECTOR - 10,PNB Dwarka Sector 10 Metro Station,DWARKA SECTOR - 10,LN3,28.5811,77.0575
dwarka-sector-11,DWARKA SECTOR-11,,matched,code,248,DSE,DWARKA SECTOR - 11,LN3,639ac2e6e264aca1c1ecdfe4,DSE,DWARKA SECTOR - 11,,DWARKA SECTOR - 11,LN3,28.5864,77.0497
dwarka-sector-12,DWARKA SECTOR-12,,matched,code,236,DSW,DWARKA SECTOR - 12,LN3,639ac2e6e264aca1c1ecdfe5,DSW,DWARKA SECTOR - 12,,DWARKA SECTOR - 12,LN3,28.5955,77.0417
dwarka-sector-13,DWARKA SECTOR-13,,matched,code,235,DSTN,DWARKA SECTOR - 13,LN3,639ac2e6e264aca1c1ecdfe6,DSTN,DWARKA SECTOR - 13,,DWARKA SECTOR - 13,LN3,28.5972,77.0333
dwarka-sector-14,DWARKA SECTOR-14,,matched,code,234,DSFN,DWARKA SECTOR - 14,LN3,639ac2e6e264aca1c1ecdfe7,DSFN,DWARKA SECTOR - 14,,DWARKA SECTOR - 14,LN3,28.6022,77.0259
dwarka-sector-21,DWARKA SECTOR-21,,matched,code,243,DSTO,DWARKA SECTOR - 21,LN10|LN3,639ac2e6e264aca1c1ecdfe8,DSTO,DWARKA SECTOR - 21,,DWARKA SECTOR - 21,"LN10,LN3",28.5522,77.0583
dwarka-sector-8,DWARKA SECTOR-8,,matched,code,240,DSET,DWARKA SECTOR - 8,LN3,639ac2e6e264aca1c1ecdfe9,DSET,DWARKA SECTOR - 8,,DWARKA SECTOR - 8,LN3,28.5657,77.0671
dwarka-sector-9,DWARKA SECTOR-9,,matched,code,239,DSN,DWARKA SECTOR - 9,LN3,639ac2e6e264aca1c1ecdfea,DSN,DWARKA SECTOR - 9,,DWARKA SECTOR - 9,LN3,28.5743,77.0653
east-azad-nagar,EAST AZAD NAGAR,,matched,code,186,EANR,EAST AZAD NAGAR,LN7,639ac2e6e264aca1c1ecdfeb,EANR,EAST AZAD NAGAR,,EAST AZAD NAGAR,LN7,28.66479,77.2826113
east-vinod-nagar-mayur-vihar-ii,EAST VINOD NAGAR-MAYUR VIHAR-II,,matched,code,181,VENT,EAST VINOD NAGAR-MAYUR VIHAR -II,LN7,639ac2e6e264aca1c1ecdfec,VENT,EAST VINOD NAGAR-MAYUR VIHAR -II,,EAST VINOD NAGAR-MAYUR VIHAR -II,LN7,28.620363,77.3023292
escorts-mujesar,ESCORTS MUJESAR,,matched,code,137,ECMJ,ESCORTS MUJESAR,LN6,639ac2e6e264aca1c1ecdfed,ECMJ,ESCORTS MUJESAR,,ESCORTS MUJESAR,LN6,28.37016,77.31494
esi-basaidarapur,ESI-BASAIDARAPUR,,matched,code,167,ESIH,ESI-BASAIDARAPUR,LN7,639ac2e6e264aca1c1ecdfee,ESIH,ESI-BASAIDARAPUR,,ESI-BASAIDARAPUR,LN7,28.6582712,77.1252019
ghevra,GHEVRA,GHEVRA METRO STATION,matched,code,108,GHEM,GHEVRA METRO STATION,LN5,639ac2e6e264aca1c1ecdfef,GHEM,GHEVRA,,GHEVRA,LN5,28.6853835,76.9949917
ghitorni,GHITORNI,,matched,code,41,GTNI,GHITORNI,LN2,639ac2e6e264aca1c1ecdff0,GTNI,GHITORNI,,GHITORNI,LN2,28.4938,77.1492
gokulpuri,GOKULPURI,,matched,code,189,GKPR,GOKULPURI,LN7EXTN,639ac2e6e264aca1c1ecdff1,GKPR,GOKULPURI,,GOKULPURI,LN7,28.7025224,77.2861548
golf-course,GOLF COURSE,,matched,code,204,GEC,GOLF COURSE,LN3,639ac2e6e264aca1c1ecdff2,GEC,GOLF COURSE,INDUSIND BANK GOLF COURSE,GOLF COURSE,LN3,28.5672,77.346
govindpuri,GOVINDPURI,GOVIND PURI,matched,code,122,GDPI,GOVIND PURI,LN6,639ac2e6e264aca1c1ecdff3,GDPI,GOVINDPURI,,GOVINDPURI,LN6,28.5446117,77.261992
greater-kailash,GREATER KAILASH,,matched,code,150,GKEI,GREATER KAILASH,LN8,639ac2e6e264aca1c1ecdff4,GKEI,GREATER KAILASH,Muthoot Finance Greater Kailash,GREATER KAILASH,LN8,28.5430994,77.2410711
green-park,GREEN PARK,,matched,code,35,GNPK,GREEN PARK,LN2,639ac2e6e264aca1c1ecdff5,GNPK,GREEN PARK,INDIAN OIL GREEN PARK,GREEN PARK,LN2,28.5598,77.2068
guru-dronacharya,GURU DRONACHARYA,,matched,code,43,GE,GURU DRONACHARYA,LN2,639ac2e6e264aca1c1ecdff7,GE,GURU DRONACHARYA,INDIGO GURU DRONACHARYA,GURU DRONACHARYA,LN2,28.4819,77.1023
guru-teg-bahadur-nagar,GURU TEG BAHADUR NAGAR,,matched,code,55,GTBR,GURU TEG BAHADUR NAGAR,LN2,639ac2e6e264aca1c1ecdff6,GTBR,GURU TEG BAHADUR NAGAR,,GURU TEG BAHADUR NAGAR,LN2,28.6984,77.2059
haiderpur-badli-mor,HAIDERPUR BADLI MOR,,matched,code,50,BIMR,HAIDERPUR BADLI MOR,LN2|LN8EXTN,639ac2e6e264aca1c1ecdff8,BIMR,HAIDERPUR BADLI MOR,,HAIDERPUR BADLI MOR,LN2,28.73,77.1492
haiderpur-village,HAIDERPUR VILLAGE,NORTH PITAMPURA,matched,code,275,NPPR,NORTH PITAMPURA,LN8EXTN,69ad8de4c162e4b8ee086e21,NPPR,HAIDERPUR VILLAGE,HAIDERPUR VILLAGE,HAIDERPUR VILLAGE,LN8,28.5703764,77.1843847
harkesh-nagar-okhla,HARKESH NAGAR OKHLA,,matched,code,123,HNOK,HARKESH NAGAR OKHLA,LN6,639ac2e6e264aca1c1ecdff9,HNOK,HARKESH NAGAR OKHLA,,HARKESH NAGAR OKHLA,LN6,28.5429658,77.273094
hauz-khas,HAUZ KHAS,,matched,code,61,HKS,HAUZ KHAS,LN2|LN8,639ac2e6e264aca1c1ecdffa,HKS,HAUZ KHAS,SIDBI HAUZ KHAS,HAUZ KHAS,"LN2,LN8",28.544,77.2062
hindon-river,HINDON RIVER,,matched,code,65,HDNR,HINDON RIVER,LN1,639ac2e6e264aca1c1ecdffb,HDNR,HINDON RIVER,,HINDON RIVER,LN1,28.6734,77.4065
i-p-extension,I.P. EXTENSION,,matched,code,183,IPE,I.P. EXTENSION,LN7,639ac2e6e264aca1c1ecdffe,IPE,I.P. EXTENSION,,I.P. EXTENSION,LN7,28.6319356,77.3085679
iffco-chowk,IFFCO CHOWK,,matched,code,46,IFOC,IFFCO CHOWK,LN2,639ac2e6e264aca1c1ecdfff,IFOC,IFFCO CHOWK,,IFFCO CHOWK,LN2,28.4722,77.0724
iit,IIT,,matched,code,153,IIT,IIT,LN8,639ac2e6e264aca1c1ecdffd,IIT,IIT,,IIT,LN8,28.547199,77.1916283
inderlok,INDERLOK,,matched,code,92,ILOK,INDERLOK,LN1|LN5,639ac2e6e264aca1c1ece000,ILOK,INDERLOK,,INDERLOK,"LN1,LN5",28.6736,77.1703
indraprastha,INDRAPRASTHA,,matched,code,213,IDPT,INDRAPRASTHA,LN3,639ac2e6e264aca1c1ece001,IDPT,INDRAPRASTHA,,INDRAPRASTHA,LN3,28.6206,77.25
ito,ITO,,matched,code,19,ITO,ITO,LN6,639ac2e6e264aca1c1ece002,ITO,ITO,JK Tyre ITO,ITO,LN6,28.6278305,77.240214
jafrabad,JAFRABAD,,matched,code,187,JFRB,JAFRABAD,LN7,639ac2e6e264aca1c1ece003,JFRB,JAFRABAD,,JAFRABAD,LN7,28.6827585,77.2725587
jagatpur-wazirabad,JAGATPUR-WAZIRABAD,,matched,code,269,JPVE,JAGATPUR-WAZIRABAD,LN7,69ad8de4c162e4b8ee086e1c,JPVE,JAGATPUR- WAZIRABAD,JAGATPUR- WAZIRABAD,JAGATPUR- WAZIRABAD,LN7,28.5703764,77.1843847
jahangirpuri,JAHANGIRPURI,,matched,code,51,JGPI,JAHANGIRPURI,LN2,639ac2e6e264aca1c1ece004,JGPI,JAHANGIRPURI,,JAHANGIRPURI,LN2,28.7296,77.1666
jama-masjid,JAMA MASJID,,matched,code,17,JAMD,JAMA MASJID,LN6,639ac2e6e264aca1c1ece005,JAMD,JAMA MASJID,,JAMA MASJID,LN6,28.6504603,77.2362374
jamia-millia-islamia,JAMIA MILLIA ISLAMIA,,matched,code,145,JANR,JAMIA MILLIA ISLAMIA,LN8,639ac2e6e264aca1c1ece006,JANR,JAMIA MILLIA ISLAMIA,JAMIA MILLIA ISLAMIA,JAMIA MILLIA ISLAMIA,LN8,28.5627144,77.2857862
janak-puri-east,JANAK PURI EAST,JANAKPURI EAST,matched,code,227,JPE,JANAKPURI EAST,LN3,639ac2e6e264aca1c1ece007,JPE,JANAK PURI EAST,,JANAK PURI EAST,LN3,28.6328,77.0862
janak-puri-west,JANAK PURI WEST,JANAKPURI WEST,matched,code,228,JPW,JANAKPURI WEST,LN3|LN8,639ac2e6e264aca1c1ece008,JPW,JANAK PURI WEST,,JANAK PURI WEST,"LN3,LN8",28.6295,77.0778
jangpura,JANGPURA,,matched,code,117,JGPA,JANGPURA,LN6,639ac2e6e264aca1c1ece009,JGPA,JANGPURA,,JANGPURA,LN6,28.583698,77.2362473
janpath,JANPATH,,matched,code,114,JNPH,JANPATH,LN6,639ac2e6e264aca1c1ece00a,JNPH,JANPATH,JANPATH,JANPATH,LN6,28.625061,77.2169953
jasola-apollo,JASOLA-APOLLO,,matched,code,124,JLA,JASOLA-APOLLO,LN6,639ac2e6e264aca1c1ece00c,JLA,JASOLA-APOLLO,,JASOLA-APOLLO,LN6,28.5382066,77.2811108
jasola-vihar-shaheen-bagh,JASOLA VIHAR SHAHEEN BAGH,,matched,code,143,JLA8,JASOLA VIHAR SHAHEEN BAGH,LN8,639ac2e6e264aca1c1ece00b,JLA8,JASOLA VIHAR SHAHEEN BAGH,,JASOLA VIHAR SHAHEEN BAGH,LN8,28.5462285,77.2943212
jhandewalan,JHANDEWALAN,,matched,code,216,JW,JHANDEWALAN,LN3,639ac2e6e264aca1c1ece00d,JW,JHANDEWALAN,,JHANDEWALAN,LN3,28.6443,77.1999
jharoda-majra,JHARODA MAJRA,,matched,name,270,JRMR,JHARODA MAJRA,LN7,69ad8de4c162e4b8ee086e1a,JRMJ,JHARODA MAJRA,JHARODA MAJRA,JHARODA MAJRA,LN7,28.5703764,77.1843847
jhilmil,JHILMIL,,matched,code,73,JLML,JHILMIL,LN1,639ac2e6e264aca1c1ece00e,JLML,JHILMIL,,JHILMIL,LN1,28.6758,77.3124
jln-stadium,JLN STADIUM,,matched,code,116,JLNS,JLN STADIUM,LN6,639ac2e6e264aca1c1ece00f,JLNS,JLN STADIUM,,JLN STADIUM,LN6,28.587146,77.2310163
johri-enclave,JOHRI ENCLAVE,,matched,code,190,JIEE,JOHRI ENCLAVE,LN7EXTN,639ac2e6e264aca1c1ece010,JIEE,JOHRI ENCLAVE,,JOHRI ENCLAVE,LN7,28.714627,77.2866533
jor-bagh,JOR BAGH,,matched,code,32,JB,JOR BAGH,LN2,639ac2e6e264aca1c1ece011,JB,JOR BAGH,,JOR BAGH,LN2,28.5859,77.2125
kailash-colony,KAILASH COLONY,,matched,code,120,KHCY,KAILASH COLONY,LN6,639ac2e6e264aca1c1ece012,KHCY,KAILASH COLONY,,KAILASH COLONY,LN6,28.55554,77.2394585
kalindi-kunj,KALINDI KUNJ,,matched,code,142,KIKJ,KALINDI KUNJ,LN8,639ac2e6e264aca1c1ece013,KIKJ,KALINDI KUNJ,,KALINDI KUNJ,LN8,28.543,77.30968
kalkaji-mandir,KALKAJI MANDIR,,matched,code,148,KJMD,KALKAJI MANDIR,LN6|LN8,639ac2e6e264aca1c1ece014,KJMD,KALKAJI MANDIR,,KALKAJI MANDIR,"LN6,LN8",28.54945,77.2570313
kanhaiya-nagar,KANHAIYA NAGAR,,matched,code,83,KN,KANHAIYA NAGAR,LN1,639ac2e6e264aca1c1ece015,KN,KANHAIYA NAGAR,,KANHAIYA NAGAR,LN1,28.6824,77.1648
karkarduma,KARKARDUMA,,matched,code,194,KKDA,KARKARDUMA,LN4|LN7,639ac2e6e264aca1c1ece016,KKDA,KARKARDUMA,KARKARDUMA,KARKARDUMA,"LN4,LN7",28.6485,77.3056
karkarduma-court,KARKARDUMA COURT,,matched,code,184,KKDC,KARKARDUMA COURT,LN7,639ac2e6e264aca1c1ece017,KKDC,KARKARDUMA COURT,,KARKARDUMA COURT,LN7,28.6450398,77.3042615
karol-bagh,KAROL BAGH,,matched,code,217,KB,KAROL BAGH,LN3,639ac2e6e264aca1c1ece018,KB,KAROL BAGH,Karol Bagh Manyavar,KAROL BAGH,LN3,28.644,77.1885
kashmere-gate,KASHMERE GATE,,matched,code,21,KG,KASHMERE GATE,LN1|LN2|LN6,639ac2e6e264aca1c1ece019,KG,KASHMERE GATE,KASHMERE GATE,KASHMERE GATE,"LN1,LN2,LN6",28.6675,77.2282
kaushambi,KAUSHAMBI,,matched,code,192,KSHI,KAUSHAMBI,LN4,639ac2e6e264aca1c1ece01a,KSHI,KAUSHAMBI,,KAUSHAMBI,LN4,28.6455,77.3244
keshav-puram,KESHAV PURAM,,matched,code,84,KP,KESHAV PURAM,LN1,639ac2e6e264aca1c1ece01b,KP,KESHAV PURAM,,KESHAV PURAM,LN1,28.6876,77.1625
khajuri-khas,KHAJURI KHAS,,matched,code,267,KJKS,KHAJURI KHAS,LN7,69ad8de4c162e4b8ee086e18,KJKS,KHAJURI KHAS,KHAJURI KHAS,KHAJURI KHAS,LN7,28.5703764,77.1843847
khan-market,KHAN MARKET,,matched,code,115,KM,KHAN MARKET,LN6,639ac2e6e264aca1c1ece01c,KM,KHAN MARKET,,KHAN MARKET,LN6,28.6009531,77.2252085
kirti-nagar,KIRTI NAGAR,,matched,code,91,KNR,KIRTI NAGAR,LN3|LN5,639ac2e6e264aca1c1ece01d,KNR,KIRTI NAGAR,,KIRTI NAGAR,"LN3,LN5",28.6557,77.1508
kohat-enclave,KOHAT ENCLAVE,,matched,code,86,KE,KOHAT ENCLAVE,LN1,639ac2e6e264aca1c1ece01e,KE,KOHAT ENCLAVE,,KOHAT ENCLAVE,LN1,28.698,77.1405
krishna-nagar,KRISHNA NAGAR,,matched,code,185,KHNA,KRISHNA NAGAR,LN7,639ac2e6e264aca1c1ece01f,KHNA,KRISHNA NAGAR,,KRISHNA NAGAR,LN7,28.6575316,77.2885172
krishna-park-extension,KRISHNA PARK EXTENSION,,matched,name,263,KPEN,KRISHNA PARK EXTENSION,LN8,677ab6e474dd89fee64f211c,KPE,KRISHNA PARK EXTENSION,KRISHNA PARK EXTENSION,"KRISHNA PARK EXTENSION, KRISHNA PARK",LN8,28.648399,77.084688
lajpat-nagar,LAJPAT NAGAR,,matched,code,118,LJPN,LAJPAT NAGAR,LN6|LN7,639ac2e6e264aca1c1ece020,LJPN,LAJPAT NAGAR,Bureau of Energy Efficiency Lajpat Nagar,LAJPAT NAGAR,"LN6,LN7",28.5706249,77.2342561
lal-quila,LAL QUILA,,matched,code,16,LLQA,LAL QUILA,LN6,639ac2e6e264aca1c1ece021,LLQA,LAL QUILA,,LAL QUILA,LN6,28.6577564,77.2347368
laxmi-nagar,LAXMI NAGAR,,matched,code,197,LN,LAXMI NAGAR,LN4,639ac2e6e264aca1c1ece022,LN,LAXMI NAGAR,LAXMI NAGAR TECNO,LAXMI NAGAR,LN4,28.6305,77.2773
lok-kalyan-marg,LOK KALYAN MARG,,matched,code,31,LKM,LOK KALYAN MARG,LN2,639ac2e6e264aca1c1ece023,LKM,LOK KALYAN MARG,LOK KALYAN MARG,LOK KALYAN MARG,LN2,28.5977,77.2112
m-g-road,M.G. ROAD,,matched,code,45,MGRO,M.G. ROAD,LN2,639ac2e6e264aca1c1ece032,MGRO,M.G. ROAD,SYSKA MG ROAD,M.G. ROAD,LN2,28.4796,77.0801
madhuban-chowk,MADHUBAN CHOWK,MADHUBAN CHOWK (Formerly PITAMPURA)|MADHUBAN CHOWK (earlier PITAMPURA),matched,code,87,PTP,MADHUBAN CHOWK (earlier PITAMPURA),LN1|LN8EXTN,639ac2e6e264aca1c1ece05e,PTP,MADHUBAN CHOWK (Formerly PITAMPURA),MADHUBAN CHOWK,PITAMPURA,"LN1,LN8",28.7031,77.1325
madipur,MADIPUR,,matched,code,97,MAPR,MADIPUR,LN5,639ac2e6e264aca1c1ece024,MAPR,MADIPUR,,MADIPUR,LN5,28.67634,77.1175513
maharaja-surajmal-stadium,MAHARAJA SURAJMAL STADIUM,,matched,code,102,SMSM,MAHARAJA SURAJMAL STADIUM,LN5,639ac2e6e264aca1c1ece025,SMSM,MAHARAJA SURAJMAL STADIUM,,MAHARAJA SURAJMAL STADIUM,LN5,28.68182,77.0717713
majlis-park,MAJLIS PARK,,matched,code,163,MKPR,MAJLIS PARK,LN7|LN8EXTN,639ac2e6e264aca1c1ece026,MKPR,MAJLIS PARK,MAJLIS PARK,MAJLIS PARK,LN7,28.724167,77.1805273
major-mohit-sharma-rajendra-nagar,MAJOR MOHIT SHARMA RAJENDRA NAGAR,,matched,code,69,RJNM,MAJOR MOHIT SHARMA RAJENDRA NAGAR,LN1,639ac2e6e264aca1c1ece027,RJNM,MAJOR MOHIT SHARMA RAJENDRA NAGAR,,MAJOR MOHIT SHARMA RAJENDRA NAGAR,LN1,28.6776,77.3581
malviya-nagar,MALVIYA NAGAR,,matched,code,36,MVNR,MALVIYA NAGAR,LN2,639ac2e6e264aca1c1ece028,MVNR,MALVIYA NAGAR,,MALVIYA NAGAR,LN2,28.529,77.205
mandawali-west-vinod-nagar,MANDAWALI-WEST VINOD NAGAR,,matched,code,182,VNNR,MANDAWALI - WEST VINOD NAGAR,LN7,639ac2e6e264aca1c1ece029,VNNR,MANDAWALI - WEST VINOD NAGAR,,MANDAWALI - WEST VINOD NAGAR,LN7,28.624877,77.3021833
mandi-house,MANDI HOUSE,,matched,code,24,MDHS,MANDI HOUSE,LN3|LN6,639ac2e6e264aca1c1ece02a,MDHS,MANDI HOUSE,,MANDI HOUSE,"LN3,LN6",28.6259,77.2343
mansarovar-park,MANSAROVAR PARK,,matched,code,74,MPK,MANSAROVAR PARK,LN1,639ac2e6e264aca1c1ece02b,MPK,MANSAROVAR PARK,,MANSAROVAR PARK,LN1,28.6756,77.3001
maujpur-babarpur,MAUJPUR-BABARPUR,,matched,code,188,MUPR,MAUJPUR-BABARPUR,LN7|LN7EXTN,639ac2e6e264aca1c1ece02c,MUPR,MAUJPUR-BABARPUR,,MAUJPUR-BABARPUR,LN7,28.6921031,77.2774233
mayapuri,MAYAPURI,,matched,code,168,MYPI,MAYAPURI,LN7,639ac2e6e264aca1c1ece02d,MYPI,MAYAPURI,,MAYAPURI,LN7,28.637099,77.1275523
mayur-vihar-extension,MAYUR VIHAR EXTENSION,,matched,code,209,MVE,MAYUR VIHAR EXTENSION,LN3,639ac2e6e264aca1c1ece02e,MVE,MAYUR VIHAR EXTENSION,,MAYUR VIHAR EXTENSION,LN3,28.5928,77.2947
mayur-vihar-i,MAYUR VIHAR-I,,matched,code,210,MVP1,MAYUR VIHAR -I,LN3|LN7,639ac2e6e264aca1c1ece02f,MVP1,MAYUR VIHAR -I,,MAYUR VIHAR -I,"LN3,LN7",28.6042,77.2896
mewala-maharajpur,MEWALA MAHARAJPUR,,matched,code,131,MMJR,MEWALA MAHARAJPUR,LN6,639ac2e6e264aca1c1ece031,MMJR,MEWALA MAHARAJPUR,,MEWALA MAHARAJPUR,LN6,28.4484907,77.3054333
millennium-city-centre-gurugram,MILLENNIUM CITY CENTRE GURUGRAM,,matched,code,47,HCC,MILLENNIUM CITY CENTRE GURUGRAM,LN2,639ac2e6e264aca1c1ecdffc,HCC,MILLENNIUM CITY CENTRE GURUGRAM,PNB HUDA CITY CENTRE,"MILLENNIUM CITY CENTRE GURUGRAM, HUDA CITY CENTRE, HUDA",LN2,28.4592,77.0725
model-town,MODEL TOWN,,matched,code,54,MDTW,MODEL TOWN,LN2,639ac2e6e264aca1c1ece033,MDTW,MODEL TOWN,,MODEL TOWN,LN2,28.7029,77.1937
mohan-estate,MOHAN ESTATE,,matched,code,126,METE,MOHAN ESTATE,LN6,639ac2e6e264aca1c1ece034,METE,MOHAN ESTATE,,MOHAN ESTATE,LN6,28.514454,77.2902056
mohan-nagar,MOHAN NAGAR,,matched,code,67,MNGM,MOHAN NAGAR,LN1,639ac2e6e264aca1c1ece035,MNGM,MOHAN NAGAR,,MOHAN NAGAR,LN1,28.6785,77.3839
moolchand,MOOLCHAND,,matched,code,119,MLCD,MOOLCHAND,LN6,639ac2e6e264aca1c1ece036,MLCD,MOOLCHAND,,MOOLCHAND,LN6,28.5647817,77.2309781
moti-nagar,MOTI NAGAR,,matched,code,221,MN,MOTI NAGAR,LN3,639ac2e6e264aca1c1ece037,MN,MOTI NAGAR,,MOTI NAGAR,LN3,28.6579,77.1427
moulsari-avenue,MOULSARI AVENUE,,matched,code,252,MAL,MOULSARI AVENUE,LN11,639ac2e6e264aca1c1ece038,MAL,MOULSARI AVENUE,MOULSARI AVENUE,MOULSARI AVENUE,LN11,28.4997,77.0939
mundka,MUNDKA,,matched,code,106,MUDK,MUNDKA,LN5,639ac2e6e264aca1c1ece039,MUDK,MUNDKA,,MUNDKA,LN5,28.68239,77.0281513
mundka-industrial-area-mia,MUNDKA INDUSTRIAL AREA (MIA),,matched,code,107,MIAA,MUNDKA INDUSTRIAL AREA (MIA),LN5,639ac2e6e264aca1c1ece03a,MIAA,MUNDKA INDUSTRIAL AREA (MIA),,MUNDKA INDUSTRIAL AREA (MIA),LN5,28.6822749,77.0146522
munirka,MUNIRKA,,matched,code,155,MIRK,MUNIRKA,LN8,639ac2e6e264aca1c1ece03b,MIRK,MUNIRKA,,MUNIRKA,LN8,28.5567549,77.1719806
najafgarh,NAJAFGARH,,matched,code,242,NFGH,NAJAFGARH,LN9,639ac2e6e264aca1c1ece03c,NFGH,NAJAFGARH,NAJAFGARH,NAJAFGARH,LN9,28.6126772,76.984354
nanaksar-sonia-vihar,NANAKSAR-SONIA VIHAR,SONIA VIHAR,matched,code,268,SNVH,SONIA VIHAR,LN7,69ad8de4c162e4b8ee086e1b,SNVH,NANAKSAR- SONIA VIHAR,NANAKSAR- SONIA VIHAR,NANAKSAR- SONIA VIHAR,LN7,28.5703764,77.1843847
nangli,NANGLI,,matched,code,241,NNGI,NANGLI,LN9,639ac2e6e264aca1c1ece03d,NNGI,NANGLI,,NANGLI,LN9,28.6174019,77.0083739
nangloi,NANGLOI,,matched,code,103,NNOI,NANGLOI,LN5,639ac2e6e264aca1c1ece03e,NNOI,NANGLOI,,NANGLOI,LN5,28.681984,77.0616903
nangloi-railway-station,NANGLOI RAILWAY STATION,,matched,code,104,NRSN,NANGLOI RAILWAY STATION,LN5,639ac2e6e264aca1c1ece03f,NRSN,NANGLOI RAILWAY STATION,,NANGLOI RAILWAY STATION,LN5,28.682133,77.0540313
naraina-vihar,NARAINA VIHAR,,matched,code,169,NAVR,NARAINA VIHAR,LN7,639ac2e6e264aca1c1ece040,NAVR,NARAINA VIHAR,,NARAINA VIHAR,LN7,28.624125,77.1342993
nawada,NAWADA,,matched,code,231,NWD,NAWADA,LN3,639ac2e6e264aca1c1ece041,NWD,NAWADA,,NAWADA,LN3,28.6202,77.045
neelam-chowk-ajronda,NEELAM CHOWK AJRONDA,,matched,code,136,NCAJ,NEELAM CHOWK AJRONDA,LN6,639ac2e6e264aca1c1ece042,NCAJ,NEELAM CHOWK AJRONDA,LAKHANI ARMAAN NEELAM CHWOKA AJRONDA,NEELAM CHOWK AJRONDA,LN6,28.3976537,77.3101607
nehru-enclave,NEHRU ENCLAVE,,matched,code,149,NUEE,NEHRU ENCLAVE,LN8,639ac2e6e264aca1c1ece043,NUEE,NEHRU ENCLAVE,,NEHRU ENCLAVE,LN8,28.5458514,77.251167
nehru-place,NEHRU PLACE,,matched,code,121,NP,NEHRU PLACE,LN6,639ac2e6e264aca1c1ece044,NP,NEHRU PLACE,,NEHRU PLACE,LN6,28.5514171,77.2506607
netaji-subhash-place,NETAJI SUBHASH PLACE,,matched,code,85,NSHP,NETAJI SUBHASH PLACE,LN1|LN7,639ac2e6e264aca1c1ece045,NSHP,NETAJI SUBHASH PLACE,,NETAJI SUBHASH PLACE,"LN1,LN7",28.696,77.1526
new-ashok-nagar,NEW ASHOK NAGAR,,matched,code,208,NAGR,NEW ASHOK NAGAR,LN3,639ac2e6e264aca1c1ece046,NAGR,NEW ASHOK NAGAR,,NEW ASHOK NAGAR,LN3,28.5892,77.3021
new-delhi-yellow-airport-line,NEW DELHI (Yellow & Airport Line),,matched,code,26,NDI,NEW DELHI (Yellow & Airport Line),LN10|LN2,639ac2e6e264aca1c1ece047,NDI,NEW DELHI (Yellow & Airport Line),,NEW DELHI (Yellow & Airport Line),"LN10,LN2",28.6427,77.2199
nhpc-chowk,NHPC CHOWK,,matched,code,130,NHPC,NHPC CHOWK,LN6,639ac2e6e264aca1c1ece048,NHPC,NHPC CHOWK,,NHPC CHOWK,LN6,28.4576694,77.3047513
nirman-vihar,NIRMAN VIHAR,,matched,code,196,NV,NIRMAN VIHAR,LN4,639ac2e6e264aca1c1ece049,NV,NIRMAN VIHAR,,NIRMAN VIHAR,LN4,28.6366,77.2868
noida-city-centre,NOIDA CITY CENTRE,,matched,code,27,NCC,NOIDA CITY CENTRE,LN3,639ac2e6e264aca1c1ece04a,NCC,NOIDA CITY CENTRE,WAVE CITY CENTRE NOIDA,NOIDA CITY CENTRE,LN3,28.5747,77.356
noida-electronic-city,NOIDA ELECTRONIC CITY,,matched,code,198,NECC,NOIDA ELECTRONIC CITY,LN3,639ac2e6e264aca1c1ece04b,NECC,NOIDA ELECTRONIC CITY,Bank of Baroda Noida Electronic City,NOIDA ELECTRONIC CITY,LN3,28.6279,77.3749
noida-sector-15,NOIDA SECTOR-15,,matched,code,207,NSFT,NOIDA SECTOR-15,LN3,639ac2e6e264aca1c1ece04c,NSFT,NOIDA SECTOR-15,INDIAN OIL NOIDA SEC-15 ,NOIDA SECTOR-15,LN3,28.5851,77.3116
noida-sector-16,NOIDA SECTOR-16,,matched,code,206,NSST,NOIDA SECTOR-16,LN3,639ac2e6e264aca1c1ece04d,NSST,NOIDA SECTOR-16,,NOIDA SECTOR-16,LN3,28.5787,77.3174
noida-sector-18,NOIDA SECTOR-18,,matched,code,205,NSET,NOIDA SECTOR-18,LN3,639ac2e6e264aca1c1ece04e,NSET,NOIDA SECTOR-18,WAVE SEC-18 NOIDA,NOIDA SECTOR-18,LN3,28.5708,77.3262
okhla-bird-sanctuary,OKHLA BIRD SANCTUARY,,matched,code,141,OKBS,OKHLA BIRD SANCTUARY,LN8,639ac2e6e264aca1c1ece04f,OKBS,OKHLA BIRD SANCTUARY,,OKHLA BIRD SANCTUARY,LN8,28.5530441,77.3201621
okhla-nsic,OKHLA NSIC,,matched,code,147,OKNS,OKHLA NSIC,LN8,639ac2e6e264aca1c1ece050,OKNS,OKHLA NSIC,Indusind Bank Okhla N.S.I.C,OKHLA NSIC,LN8,28.5544365,77.2648578
okhla-vihar,OKHLA VIHAR,,matched,code,144,OVA,OKHLA VIHAR,LN8,639ac2e6e264aca1c1ece051,OVA,OKHLA VIHAR,,OKHLA VIHAR,LN8,28.5614626,77.2919823
old-faridabad,OLD FARIDABAD,,matched,code,134,OFDB,OLD FARIDABAD,LN6,639ac2e6e264aca1c1ece052,OFDB,OLD FARIDABAD,,OLD FARIDABAD,LN6,28.4102041,77.3086392
palam,PALAM,,matched,code,160,PALM,PALAM,LN8,639ac2e6e264aca1c1ece053,PALM,PALAM,,PALAM,LN8,28.5889555,77.0806434
panchsheel-park,PANCHSHEEL PARK,,matched,code,152,PSPK,PANCHSHEEL PARK,LN8,639ac2e6e264aca1c1ece054,PSPK,PANCHSHEEL PARK,Indian Oil Panchsheel Park,PANCHSHEEL PARK,LN8,28.5422964,77.2185052
pandit-shree-ram-sharma,PANDIT SHREE RAM SHARMA,,matched,code,111,MIEE,PANDIT SHREE RAM SHARMA,LN5,639ac2e6e264aca1c1ece055,MIEE,PANDIT SHREE RAM SHARMA,,PANDIT SHREE RAM SHARMA,LN5,28.6892418,76.9489583
paschim-vihar-east,PASCHIM VIHAR EAST,,matched,code,98,PVE,PASCHIM VIHAR EAST,LN5,639ac2e6e264aca1c1ece056,PVE,PASCHIM VIHAR EAST,,PASCHIM VIHAR EAST,LN5,28.6773312,77.1101289
paschim-vihar-west,PASCHIM VIHAR WEST,,matched,code,99,PVW,PASCHIM VIHAR WEST,LN5,639ac2e6e264aca1c1ece057,PVW,PASCHIM VIHAR WEST,,PASCHIM VIHAR WEST,LN5,28.678829,77.0994732
patel-chowk,PATEL CHOWK,,matched,code,59,PTCK,PATEL CHOWK,LN2,639ac2e6e264aca1c1ece058,PTCK,PATEL CHOWK,,PATEL CHOWK,LN2,28.6233,77.2145
patel-nagar,PATEL NAGAR,,matched,code,219,PN,PATEL NAGAR,LN3,639ac2e6e264aca1c1ece059,PN,PATEL NAGAR,,PATEL NAGAR,LN3,28.645,77.1693
peeragarhi,PEERAGARHI,,matched,code,100,PAGI,PEERAGARHI,LN5,639ac2e6e264aca1c1ece05a,PAGI,PEERAGARHI,,PEERAGARHI,LN5,28.6798828,77.0910404
phase-1,PHASE-1,,matched,code,254,PH1,PHASE-1,LN11,639ac2e6e264aca1c1ece05b,PH1,PHASE-1,PHASE-1,PHASE-1,LN11,28.4706,77.0932
phase-2,PHASE-2,,matched,code,249,DL2,PHASE-2,LN11,639ac2e6e264aca1c1ece05c,DL2,PHASE-2,PHASE-2,PHASE-2,LN11,28.4873,77.0931
phase-3,PHASE-3,,matched,code,253,DL3,PHASE-3,LN11,639ac2e6e264aca1c1ece05d,DL3,PHASE-3,PHASE-3,PHASE-3,LN11,28.4925,77.0919
pratap-nagar,PRATAP NAGAR,,matched,code,81,PRA,PRATAP NAGAR,LN1,639ac2e6e264aca1c1ece05f,PRA,PRATAP NAGAR,,PRATAP NAGAR,LN1,28.6666,77.1989
preet-vihar,PREET VIHAR,,matched,code,195,PTVR,PREET VIHAR,LN4,639ac2e6e264aca1c1ece060,PTVR,PREET VIHAR,,PREET VIHAR,LN4,28.6419,77.2956
pulbangash,PULBANGASH,,matched,code,80,PBGH,PULBANGASH,LN1,639ac2e6e264aca1c1ece061,PBGH,PULBANGASH,,PULBANGASH,LN1,28.6664,77.2074
punjabi-bagh,PUNJABI BAGH,,matched,code,95,PBGA,PUNJABI BAGH,LN5,639ac2e6e264aca1c1ece062,PBGA,PUNJABI BAGH,,PUNJABI BAGH,LN5,28.6729291,77.1438705
punjabi-bagh-west,PUNJABI BAGH WEST,,matched,code,166,PBGW,PUNJABI BAGH WEST,LN5|LN7,639ac2e6e264aca1c1ece063,PBGW,PUNJABI BAGH WEST,,PUNJABI BAGH WEST,"LN5,LN7",28.6727751,77.136418
qutab-minar,QUTAB MINAR,,matched,code,38,QM,QUTAB MINAR,LN2,639ac2e6e264aca1c1ece064,QM,QUTAB MINAR,,QUTAB MINAR,LN2,28.5129,77.1863
r-k-puram,R.K.PURAM,,matched,code,154,RKPM,R.K.PURAM,LN8,639ac2e6e264aca1c1ece065,RKPM,R.K.PURAM,,R.K.PURAM,LN8,28.5503497,77.1851486
raj-bagh,RAJ BAGH,,matched,code,70,RJBH,RAJ BAGH,LN1,639ac2e6e264aca1c1ece066,RJBH,RAJ BAGH,,RAJ BAGH,LN1,28.6808,77.3439
raja-nahar-singh-ballabhgarh,RAJA NAHAR SINGH (BALLABHGARH),,matched,code,139,BVHM,RAJA NAHAR SINGH (BALLABHGARH),LN6,639ac2e6e264aca1c1ece067,BVHM,RAJA NAHAR SINGH (BALLABHGARH),,RAJA NAHAR SINGH (BALLABHGARH),LN6,28.3397812,77.316603
rajdhani-park,RAJDHANI PARK,,matched,code,105,RDPK,RAJDHANI PARK,LN5,639ac2e6e264aca1c1ece068,RDPK,RAJDHANI PARK,,RAJDHANI PARK,LN5,28.6822794,77.0418183
rajendra-place,RAJENDRA PLACE,,matched,code,218,RP,RAJENDRA PLACE,LN3,639ac2e6e264aca1c1ece069,RP,RAJENDRA PLACE,Rajendra Place Indraprasth Gas Limited,RAJENDRA PLACE,LN3,28.6425,77.1782
rajiv-chowk,RAJIV CHOWK,,matched,code,20,RCK,RAJIV CHOWK,LN2|LN3,639ac2e6e264aca1c1ece06a,RCK,RAJIV CHOWK,RAJIV CHOWK,"RAJEEV CHOWK, RAJIV CHOWK, CP, CONNAUGHT PLACE","LN2,LN3",28.633,77.2194
rajouri-garden,RAJOURI GARDEN,,matched,code,224,RG,RAJOURI GARDEN,LN3|LN7,639ac2e6e264aca1c1ece06b,RG,RAJOURI GARDEN,Rajouri Garden,RAJOURI GARDEN,"LN3,LN7",28.649,77.1227
ramakrishna-ashram-marg,RAMAKRISHNA ASHRAM MARG,,matched,code,215,RKAM,RAMAKRISHNA ASHRAM MARG,LN3,639ac2e6e264aca1c1ece06e,RKAM,RAMAKRISHNA ASHRAM MARG,,RAMAKRISHNA ASHRAM MARG,LN3,28.6392,77.2086
ramesh-nagar,RAMESH NAGAR,,matched,code,222,RN,RAMESH NAGAR,LN3,639ac2e6e264aca1c1ece06c,RN,RAMESH NAGAR,,RAMESH NAGAR,LN3,28.6527,77.1315
rithala,RITHALA,,matched,code,90,RI,RITHALA,LN1,639ac2e6e264aca1c1ece06d,RI,RITHALA,,RITHALA,LN1,28.7208,77.1072
rohini,ROHINI,ROHINI (Formerly ROHINI EAST),matched,code,88,RHE,ROHINI,LN1,639ac2e6e264aca1c1ece06f,RHE,ROHINI (Formerly ROHINI EAST),ROHINI,rohini (formerly rohini east) rhe rohini,LN1,28.7077,77.1259
rohini-sector-18-19,"ROHINI SECTOR-18, 19",,matched,code,49,RISE,"ROHINI SECTOR - 18, 19",LN2,639ac2e6e264aca1c1ece071,RISE,"ROHINI SECTOR - 18, 19",,"ROHINI SECTOR - 18, 19",LN2,28.7327,77.1341
sadar-bazar-cantonment,SADAR BAZAR CANTONMENT,,matched,code,159,SABR,SADAR BAZAR CANTONMENT,LN8,639ac2e6e264aca1c1ece072,SABR,SADAR BAZAR CANTONMENT,,SADAR BAZAR CANTONMENT,LN8,28.5764632,77.1114814
saket,SAKET,,matched,code,37,SAKT,SAKET,LN2,639ac2e6e264aca1c1ece073,SAKT,SAKET,,SAKET,LN2,28.5211,77.2022
samaypur-badli,SAMAYPUR BADLI,,matched,code,48,SPBI,SAMAYPUR BADLI,LN2,639ac2e6e264aca1c1ece074,SPBI,SAMAYPUR BADLI,,SAMAYPUR BADLI,LN2,28.7446,77.1383
sant-surdas-sihi,SANT SURDAS (SIHI),,matched,code,138,NCBC,SANT SURDAS (SIHI),LN6,639ac2e6e264aca1c1ece075,NCBC,SANT SURDAS (SIHI),,SANT SURDAS (SIHI),LN6,28.354673,77.3140293
sarai,SARAI,,matched,code,129,SRAI,SARAI,LN6,639ac2e6e264aca1c1ece076,SRAI,SARAI,,SARAI,LN6,28.4780481,77.3028175
sarai-kale-khan-nizamuddin,SARAI KALE KHAN-NIZAMUDDIN,,matched,code,178,NIZM,SARAI KALE KHAN - NIZAMUDDIN,LN7,639ac2e6e264aca1c1ece077,NIZM,SARAI KALE KHAN - NIZAMUDDIN,,SARAI KALE KHAN - NIZAMUDDIN,LN7,28.58936,77.2549413
sarita-vihar,SARITA VIHAR,,matched,code,125,STVR,SARITA VIHAR,LN6,639ac2e6e264aca1c1ece078,STVR,SARITA VIHAR,,SARITA VIHAR,LN6,28.5294337,77.2861724
sarojini-nagar,SAROJINI NAGAR,,matched,code,174,SOJI,SAROJINI NAGAR,LN7,639ac2e6e264aca1c1ece079,SOJI,SAROJINI NAGAR,,SAROJINI NAGAR,LN7,28.5757221,77.1955806
satguru-ram-singh-marg,SATGURU RAM SINGH MARG,,matched,code,93,SRSM,SATGURU RAM SINGH MARG,LN5,639ac2e6e264aca1c1ece07a,SRSM,SATGURU RAM SINGH MARG,,SATGURU RAM SINGH MARG,LN5,28.66213,77.1554713
sector-28,SECTOR-28,,matched,code,132,STTA,SECTOR-28,LN6,639ac2e6e264aca1c1ece084,STTA,SECTOR-28,,SECTOR-28,LN6,28.43838,77.3067493
sector-34-noida,SECTOR-34 NOIDA,,matched,code,203,STFN,SECTOR - 34 NOIDA,LN3,639ac2e6e264aca1c1ece07b,STFN,SECTOR - 34 NOIDA,BILLABONG HIGH INTERNATIONAL SCHOOL SECTOR-34 NOIDA,SECTOR - 34 NOIDA,LN3,28.5801,77.3635
sector-42-43,SECTOR-42-43,,matched,code,255,SUL,SECTOR-42-43,LN11,639ac2e6e264aca1c1ece080,SUL,SECTOR-42-43,SECTOR-42-43,SECTOR-42-43,LN11,28.4574,77.0947
sector-52-noida,SECTOR-52 NOIDA,,matched,code,202,SFTN,SECTOR - 52 NOIDA,LN3,639ac2e6e264aca1c1ece07c,SFTN,SECTOR - 52 NOIDA,,SECTOR - 52 NOIDA,LN3,28.5867,77.3728
sector-53-54,SECTOR-53-54,,matched,code,256,S53,SECTOR-53-54,LN11,639ac2e6e264aca1c1ece081,S53,SECTOR-53-54,SECTOR-53-54,SECTOR-53-54,LN11,28.4464,77.0982
sector-54-chowk,SECTOR-54 CHOWK,,matched,code,257,AIT,SECTOR-54 CHOWK,LN11,639ac2e6e264aca1c1ece082,AIT,SECTOR-54 CHOWK,SECTOR-54 CHOWK,SECTOR-54 CHOWK,LN11,28.431,77.1028
sector-55-56,SECTOR 55-56,,matched,code,258,S55,SECTOR 55-56,LN11,639ac2e6e264aca1c1ece083,S55,SECTOR 55-56,SECTOR 55-56,SECTOR 55-56,LN11,28.4234,77.1052
sector-59-noida,SECTOR-59 NOIDA,,matched,code,200,SFNN,SECTOR - 59 NOIDA,LN3,639ac2e6e264aca1c1ece07d,SFNN,SECTOR - 59 NOIDA,,SECTOR - 59 NOIDA,LN3,28.6064,77.3731
sector-61-noida,SECTOR-61 NOIDA,,matched,code,201,SSON,SECTOR - 61 NOIDA,LN3,639ac2e6e264aca1c1ece07e,SSON,SECTOR - 61 NOIDA,,SECTOR - 61 NOIDA,LN3,28.5976,77.3701
sector-62-noida,SECTOR-62 NOIDA,,matched,code,199,SSTN,SECTOR - 62 NOIDA,LN3,639ac2e6e264aca1c1ece07f,SSTN,SECTOR - 62 NOIDA,,SECTOR - 62 NOIDA,LN3,28.617,77.3736
seelampur,SEELAMPUR,,matched,code,77,SLAP,SEELAMPUR,LN1,639ac2e6e264aca1c1ece085,SLAP,SEELAMPUR,,SEELAMPUR,LN1,28.6699,77.2666
seva-teerth,SEVA TEERTH,SEVA TEERTH (Formerly UDYOG BHAWAN)|SEVA TEERTH (earlier UDYOG BHAWAN)),matched,code,30,UDB,SEVA TEERTH (earlier UDYOG BHAWAN)),LN2,639ac2e6e264aca1c1ece0a2,UDB,SEVA TEERTH (Formerly UDYOG BHAWAN),,UDYOG BHAWAN,LN2,28.611,77.2122
shadipur,SHADIPUR,,matched,code,220,SP,SHADIPUR,LN3,639ac2e6e264aca1c1ece086,SP,SHADIPUR,,SHADIPUR,LN3,28.6516,77.1582
shahdara,SHAHDARA,,matched,code,75,SHD,SHAHDARA,LN1,639ac2e6e264aca1c1ece087,SHD,SHAHDARA,,SHAHDARA,LN1,28.6735,77.2899
shaheed-nagar,SHAHEED NAGAR,,matched,code,71,SHDN,SHAHEED NAGAR,LN1,639ac2e6e264aca1c1ece088,SHDN,SHAHEED NAGAR,,SHAHEED NAGAR,LN1,28.6766,77.3338
shaheed-sthal-new-bus-adda,SHAHEED STHAL ( NEW BUS ADDA),,matched,code,64,NBAA,SHAHEED STHAL ( NEW BUS ADDA),LN1,639ac2e6e264aca1c1ece089,NBAA,SHAHEED STHAL ( NEW BUS ADDA),,SHAHEED STHAL ( NEW BUS ADDA),LN1,28.6705,77.4158
shakurpur,SHAKURPUR,,matched,code,165,SAKP,SHAKURPUR,LN7,639ac2e6e264aca1c1ece08a,SAKP,SHAKURPUR,,SHAKURPUR,LN7,28.6857703,77.1474327
shalimar-bagh,SHALIMAR BAGH,,matched,code,164,SMBG,SHALIMAR BAGH,LN7,639ac2e6e264aca1c1ece08b,SMBG,SHALIMAR BAGH,,SHALIMAR BAGH,LN7,28.702018,77.1625815
shankar-vihar,SHANKAR VIHAR,,matched,code,157,SKVR,SHANKAR VIHAR,LN8,639ac2e6e264aca1c1ece08c,SKVR,SHANKAR VIHAR,,SHANKAR VIHAR,LN8,28.5608173,77.1381563
shastri-nagar,SHASTRI NAGAR,,matched,code,82,SHT,SHASTRI NAGAR,LN1,639ac2e6e264aca1c1ece08d,SHT,SHASTRI NAGAR,,SHASTRI NAGAR,LN1,28.6701,77.1813
shastri-park,SHASTRI PARK,,matched,code,78,SHPK,SHASTRI PARK,LN1,639ac2e6e264aca1c1ece08e,SHPK,SHASTRI PARK,,SHASTRI PARK,LN1,28.6683,77.2503
shiv-vihar,SHIV VIHAR,,matched,code,191,SVVR,SHIV VIHAR,LN7EXTN,639ac2e6e264aca1c1ece08f,SVVR,SHIV VIHAR,,SHIV VIHAR,LN7,28.7215468,77.2883255
shivaji-park,SHIVAJI PARK,,matched,code,96,SHVP,SHIVAJI PARK,LN5,639ac2e6e264aca1c1ece090,SHVP,SHIVAJI PARK,,SHIVAJI PARK,LN5,28.674939,77.1283933
shivaji-stadium,SHIVAJI STADIUM,,matched,code,244,SJSU,SHIVAJI STADIUM,LN10,639ac2e6e264aca1c1ece091,SJSU,SHIVAJI STADIUM,LIC Shivaji Stadium,SHIVAJI STADIUM,LN10,28.6287699,77.2114121
shree-ram-mandir-mayur-vihar,SHREE RAM MANDIR MAYUR VIHAR,SHREE RAM MANDIR MAYUR VIHAR (Formerly MAYUR VIHAR POCKET-1)|SHREE RAM MAYUR VIHAR MANDIR (earlier MAYUR VIHAR POCKET-1),matched,code,179,MVPO,SHREE RAM MAYUR VIHAR MANDIR (earlier MAYUR VIHAR POCKET-1),LN7,639ac2e6e264aca1c1ece030,MVPO,SHREE RAM MANDIR MAYUR VIHAR (Formerly MAYUR VIHAR POCKET-1),,MAYUR VIHAR POCKET-1,LN7,28.6057944,77.2965148
shyam-park,SHYAM PARK,,matched,code,68,SMPK,SHYAM PARK,LN1,639ac2e6e264aca1c1ece092,SMPK,SHYAM PARK,,SHYAM PARK,LN1,28.6782,77.3702
sikanderpur,SIKANDERPUR,SIKANDERPUR(RAPID METRO),matched,code+physical_name,44,SKRP,SIKANDERPUR,LN11|LN2,64d1dd0bbf394e55546119ac|639ac2e6e264aca1c1ece093,SKRP|SKY,SIKANDERPUR(RAPID METRO)|SIKANDERPUR,BANK OF BARODA SIKANDERPUR|BANK OF BARODA SIKANDERPUR,SIKANDERPUR(RAPID METRO)|SIKANDERPUR,LN11|LN2,28.4813|28.4813,77.0931|77.0931
sir-m-vishweshwaraiah-moti-bagh,SIR M. VISHWESHWARAIAH MOTI BAGH,,matched,code,172,SVMB,SIR M. VISHWESHWARAIAH MOTI BAGH,LN7,639ac2e6e264aca1c1ece094,SVMB,SIR M. VISHWESHWARAIAH MOTI BAGH,IGL Sir Vishweshwaraiah Moti Bagh,SIR M. VISHWESHWARAIAH MOTI BAGH,LN7,28.578504,77.1735373
soorghat,SOORGHAT,,legacy_only,,272,SOOG,SOORGHAT,LN7,,,,,,,,
south-extension,SOUTH EXTENSION,,matched,code,175,SOEN,SOUTH EXTENSION,LN7,639ac2e6e264aca1c1ece095,SOEN,SOUTH EXTENSION,,SOUTH EXTENSION,LN7,28.5686386,77.2180074
subhash-nagar,SUBHASH NAGAR,,matched,code,225,SN,SUBHASH NAGAR,LN3,639ac2e6e264aca1c1ece096,SN,SUBHASH NAGAR,,SUBHASH NAGAR,LN3,28.6404,77.1049
sukhdev-vihar,SUKHDEV VIHAR,,matched,code,146,IWNR,SUKHDEV VIHAR,LN8,639ac2e6e264aca1c1ece097,IWNR,SUKHDEV VIHAR,,SUKHDEV VIHAR,LN8,28.5596435,77.2733625
sultanpur,SULTANPUR,,matched,code,39,SLTP,SULTANPUR,LN2,639ac2e6e264aca1c1ece098,SLTP,SULTANPUR,,SULTANPUR,LN2,28.4991,77.1612
supreme-court,SUPREME COURT,,matched,code,214,PTMD,SUPREME COURT,LN3,639ac2e6e264aca1c1ece099,PTMD,SUPREME COURT,,SUPREME COURT,LN3,28.6233,77.2427
tagore-garden,TAGORE GARDEN,,matched,code,223,TG,TAGORE GARDEN,LN3,639ac2e6e264aca1c1ece09a,TG,TAGORE GARDEN,,TAGORE GARDEN,LN3,28.6438,77.1129
terminal-1-igi-airport,TERMINAL 1-IGI AIRPORT,,matched,code,158,IGDA,TERMINAL 1-IGI AIRPORT,LN8,639ac2e6e264aca1c1ece09b,IGDA,TERMINAL 1-IGI AIRPORT,TERMINAL 1-IGI AIRPORT,TERMINAL 1-IGI AIRPORT,LN8,28.5647538,77.1221478
tikri-border,TIKRI BORDER,,matched,code,110,TKBR,TIKRI BORDER,LN5,639ac2e6e264aca1c1ece09c,TKBR,TIKRI BORDER,,TIKRI BORDER,LN5,28.688233,76.9620993
tikri-kalan,TIKRI KALAN,,matched,code,109,TKLM,TIKRI KALAN,LN5,639ac2e6e264aca1c1ece09d,TKLM,TIKRI KALAN,,TIKRI KALAN,LN5,28.68688,76.9750813
tilak-nagar,TILAK NAGAR,,matched,code,226,TN,TILAK NAGAR,LN3,639ac2e6e264aca1c1ece09e,TN,TILAK NAGAR,,TILAK NAGAR,LN3,28.6366,77.0965
tis-hazari,TIS HAZARI,,matched,code,79,TZI,TIS HAZARI,LN1,639ac2e6e264aca1c1ece09f,TZI,TIS HAZARI,,TIS HAZARI,LN1,28.6671,77.2165
trilokpuri-sanjay-lake,TRILOKPURI-SANJAY LAKE,,matched,code,180,TKPR,TRILOKPURI-SANJAY LAKE,LN7,639ac2e6e264aca1c1ece0a0,TKPR,TRILOKPURI-SANJAY LAKE,,TRILOKPURI-SANJAY LAKE,LN7,28.6134317,77.3077957
tughlakabad-station,TUGHLAKABAD STATION,,matched,code,127,TKDS,TUGHLAKABAD STATION,LN6,639ac2e6e264aca1c1ece0a1,TKDS,TUGHLAKABAD STATION,,TUGHLAKABAD STATION,LN6,28.5031672,77.2963205
udyog-nagar,UDYOG NAGAR,,matched,code,101,UNRG,UDYOG NAGAR,LN5,639ac2e6e264aca1c1ece0a3,UNRG,UDYOG NAGAR,,UDYOG NAGAR,LN5,28.6810606,77.0787957
uttam-nagar-east,UTTAM NAGAR EAST,,matched,code,229,UNE,UTTAM NAGAR EAST,LN3,639ac2e6e264aca1c1ece0a4,UNE,UTTAM NAGAR EAST,,UTTAM NAGAR EAST,LN3,28.6248,77.0653
uttam-nagar-west,UTTAM NAGAR WEST,,matched,code,230,UNW,UTTAM NAGAR WEST,LN3,639ac2e6e264aca1c1ece0a5,UNW,UTTAM NAGAR WEST,,UTTAM NAGAR WEST,LN3,28.6218,77.0558
uttari-pitampura-prashant-vihar,UTTARI PITAMPURA-PRASHANT VIHAR,PRASHANT VIHAR,matched,code,274,PHVR,PRASHANT VIHAR,LN8EXTN,69ad8de4c162e4b8ee086e1e,PHVR,UTTARI PITAMPURA- PRASHANT VIHAR,UTTARI PITAMPURA- PRASHANT VIHAR,UTTARI PITAMPURA- PRASHANT VIHAR,LN8,28.5703764,77.1843847
vaishali,VAISHALI,,matched,code,28,VASI,VAISHALI,LN4,639ac2e6e264aca1c1ece0a6,VASI,VAISHALI,,VAISHALI,LN4,28.6498,77.3397
vasant-vihar,VASANT VIHAR,,matched,code,156,VTVR,VASANT VIHAR,LN8,639ac2e6e264aca1c1ece0a7,VTVR,VASANT VIHAR,,VASANT VIHAR,LN8,28.5581039,77.1603043
vidhan-sabha,VIDHAN SABHA,,matched,code,57,VS,VIDHAN SABHA,LN2,639ac2e6e264aca1c1ece0a8,VS,VIDHAN SABHA,,VIDHAN SABHA,LN2,28.6878,77.2216
vinobapuri,VINOBAPURI,,matched,code,176,VNPR,VINOBAPURI,LN7,639ac2e6e264aca1c1ece0a9,VNPR,VINOBAPURI,,VINOBAPURI,LN7,28.5655297,77.2485991
vishwavidyalaya,VISHWAVIDYALAYA,,matched,code,56,VW,VISHWAVIDYALAYA,LN2,639ac2e6e264aca1c1ece0aa,VW,VISHWAVIDYALAYA,SBI VISHWAVIDYALAYA,VISHWAVIDYALAYA,LN2,28.6952,77.2145
welcome,WELCOME,,matched,code,76,WC,WELCOME,LN1|LN7,639ac2e6e264aca1c1ece0ab,WC,WELCOME,,WELCOME,"LN1,LN7",28.6718,77.2777
yamuna-bank,YAMUNA BANK,,matched,code,212,YB,YAMUNA BANK,LN3|LN4,639ac2e6e264aca1c1ece0ac,YB,YAMUNA BANK,,YAMUNA BANK,"LN3,LN4",28.6233,77.2679
yamuna-vihar,YAMUNA VIHAR,,matched,code,265,YMVR,YAMUNA VIHAR,LN7,69ad8de4c162e4b8ee086e1d,YMVR,YAMUNA VIHAR,YAMUNA VIHAR,YAMUNA VIHAR,LN7,28.5703764,77.1843847
yashobhoomi-dwarka-sector-25,YASHOBHOOMI DWARKA SECTOR-25,,matched,code,261,IICC,YASHOBHOOMI DWARKA SECTOR  - 25,LN10,653ba0ac1fa9c22cc6d27e86,IICC,YASHOBHOOMI DWARKA SECTOR-25,Yashobhoomi Dwarka Sector -25,YASHOBHOOMI DWARKA SECTOR - 25,LN10,28.5521,77.0434
